{
    "toxicity": 1.6433127155860012,
    "burden": 0.8708684897640193,
    "r": 0.7319939418114051,
    "a": 0.5986584841970366,
    "s1": 0.15601864044243652,
    "s2": 0.15599452033620265,
    "s3": 0.05808361216819946,
    "s4": 0.8661761457749352,
    "tx1": 0.6011150117432088,
    "tx2": 0.7080725777960455,
    "tx3": 0.020584494295802447,
    "tx4": 0.9699098521619943,
    "clear": 0.8324426408004217,
    "start_strike": 1,
    "start_cycle": 1
}