{
    "burden": 10e6,
    "toxicity": 0.5,
    "start_strike": 1,
    "start_cycle": 1,
    "r": 0.029101564175962213,
    "a": 0.7937309721192891,
    "s1": 0.4826971243135827,
    "s2": 0.19811288000220295,
    "s3": 0.6496304409236439,
    "s4": 0.9802296148189882,
    "tx1": 0.33702900795163426,
    "tx2": 0.09350986982626042,
    "tx3": 0.00979451097922246,
    "tx4": 0.05904955611456686,
    "clear": 0.3596696924919379
}