{
    "toxicity": 0.0,
    "burden": 10000000000.0,
    "a": 239.37137232938915,
    "s1": 0.11001677779299837,
    "s2": 0.07830565181568241,
    "s3": 0.058557845056986135,
    "s4": 0.01860218612399429,
    "tx1": 0.020865062615215327,
    "tx2": 0.014119686573147638,
    "tx3": 0.009926773308534408,
    "tx4": 0.0025963083477064846,
    "start_strike": 1,
    "start_cycle": 1,
    "r": 0.95
}