{
    "toxicity": 0.0,
    "burden": 10000000000.0,
    "a": 172.12488257424837,
    "s1": 0.09824008266008541,
    "s2": 0.07407307590824141,
    "s3": 0.05338090251003324,
    "s4": 0.02299049696896379,
    "tx1": 0.11311249079607119,
    "tx2": 0.06500233613911283,
    "tx3": 0.04107612232868997,
    "tx4": 0.02249824373046996,
    "start_strike": 1,
    "start_cycle": 1,
    "r": 0.95
}