{
    "toxicity": 0,
    "burden": 10000000000.0,
    "a": 364.76885381006923,
    "s1": 0.11523029856408026,
    "s2": 0.07382923312638331,
    "s3": 0.0476586304305082,
    "s4": 0.03289606407753696,
    "tx1": 0.15767434729152907,
    "tx2": 0.09530525614065048,
    "tx3": 0.08042560043585964,
    "tx4": 0.04536582307187538,
    "start_strike": 1,
    "start_cycle": 1,
    "r": 0.95
}